GISID,GritBinID,USRN,Road,Location,Town,Ward,X,Y,lat,lng
1,172,22602811,ALBERTA AVENUE,"JCT of St Dunstans Hill, on left",CHEAM,Sutton West,524409.296,164261.087,51.363799881441494,-0.21437107382295414
2,173,22602058,ALBION ROAD,JCT of Cavendish Road,SUTTON,Sutton South,526456.809,163576.813,51.357198422169084,-0.18521961054602526
3,174,22602063,ALINGTON GROVE,Flank of no. 23 The Drive,WALLINGTON,Beddington South,529476.304,162473.812,51.34660625245952,-0.14227927640691582
4,175,22605398,ALL SAINTS ROAD,On bend opposite church,SUTTON,Sutton North,525828.835,165331.557,51.37310797232723,-0.19361323057365962
5,176,22602814,ALMA CRESCENT,"Outside petrol station, on left from depot",CHEAM,Sutton West,524421.349,164416.04,51.36518985291631,-0.21414386498787907
6,177,22602068,AMBREY WAY,"Outside no.87 The Drive, on right at T junction",WALLINGTON,Beddington South,529874.159,162568.371,51.347365347718025,-0.13653541857070323
7,180,22600270,ANTON CRESCENT,Hallmead Day Centre,SUTTON,Sutton North,525035.024,165310.63,51.37309510609856,-0.20501909547359998
8,182,22602078,AUTUMN DRIVE (1) LH,"On bend 30 yard, JCT of Homeland Drive",SUTTON,Belmont,525565.147,162543.619,51.348110463188895,-0.1983829756817413
9,183,22602078,AUTUMN DRIVE (2) RH,"On bend 30 yards, JCT of Homeland Drive",SUTTON,Belmont,525564.819,162554.421,51.34820761586386,-0.19838387543332142
10,259,22602087,BANSTEAD ROAD,JCT of Park Hill,CARSHALTON,Carshalton South & Clockhouse,527512.242,163912.822,51.35998246104967,-0.16994956606431033
11,187,22605512,BAWTREE CLOSE,JCT of Rosewood,SUTTON,Belmont,526484.339,162148.041,51.344351668788256,-0.18533182352091815
12,189,22602661,BEECHES AVENUE,"JCT of Gordan Road, on left after bridge",CARSHALTON,Carshalton South & Clockhouse,527506.69,163631.207,51.35745280627341,-0.17013012549392467
14,191,22605622,BEECHWOOD AVENUE,Outside no.18 on right,COULSDON,Carshalton South & Clockhouse,528752.576,159860.462,51.323284241412516,-0.15360899574054673
15,192,22605700,BELMONT RISE A217,White bridge near steps Area A - West,CHEAM,Belmont,524608.263,163402.799,51.35604261474174,-0.2118150537119128
16,193,22605700,BELMONT RISE A217,White bridge near steps Area B - East,CHEAM,Belmont,524613.504,163445.005,51.356420784314686,-0.21172505374050063
17,194,22602111,BENHILL AVENUE,"JCT of High Street, Flank of Post Office, on right",SUTTON,Sutton Central,526371.486,164518.497,51.36568046443013,-0.18611003207737742
18,195,22602113,BENHILL ROAD,JCT of Oakhill Road,SUTTON,Sutton Central,526556.505,164979.4,51.36978150382773,-0.1832898327269591
19,196,22600317,BENHILL WOOD ROAD,JCT of Oakhill Road,SUTTON,Sutton Central,526261.121,164979.366,51.3698468955064,-0.18753098458040177
20,199,22600333,BLENHEIM ROAD,"Opposite no.17, on left",SUTTON,Sutton North,525544.102,165394.976,51.37374090568548,-0.19767937913774838
21,200,22605532,BRADLEY CLOSE,JCT of Station Road,SUTTON,Belmont,525509.338,162055.535,51.34373624431514,-0.1993558540121371
22,202,22601306,BRINKLEY ROAD,JCT of Central Road,WORCESTER PARK,Worcester Park,522591.68,165780.612,51.37785136163729,-0.23994219720378243
23,204,22602159,BUSHEY ROAD,"Recycle Site, near Sutton Green",SUTTON,Sutton North,525737.652,165043.85,51.37054247540939,-0.1950242310198191
24,207,22602175,CARLTON AVENUE,Flank of no.11 Ingleby Way,WALLINGTON,Beddington South,529688.326,163021.598,51.35148087711401,-0.13903722959454806
25,208,22605668,CARSHALTON ROAD,On right after bridge,CARSHALTON,Carshalton Central,527147.837,164259.468,51.36317941872896,-0.17505673694965707
26,209,22602180,CARSHALTON ROAD,"JCT of Woodmansterne Lane, on right",BANSTEAD,Carshalton South & Clockhouse,527782.418,161109.364,51.33472686744996,-0.16707681540376837
27,210,22601354,CENTRAL ROAD,"JCT of Washington Road, outside Gosletts",WORCESTER PARK,Worcester Park,522523.391,165830.63,51.378315623520486,-0.24090566299769917
28,211,22602189,CENTRAL WAY,JCT of Barrow Hedges Way,CARSHALTON,Carshalton South & Clockhouse,527320.62,163277.094,51.35431204888865,-0.17292761117769773
29,212,22602191,CHALGROVE ROAD,JCT of The Ridgeway,SUTTON,Sutton South,526788.246,163162.401,51.35340023210105,-0.18060969440133878
30,213,22605484,CHEAM ROAD,JCT of Belmont Rise,CHEAM,Cheam,524535.997,163693.71,51.35867295239513,-0.21275060360614031
31,214,22602924,CHURCH HILL ROAD,JCT of A217 St Dunstans Hill,CHEAM,Cheam,524386.258,164387.624,51.364942149283195,-0.214657592496219
32,215,22600437,CLENSHAM LANE,"JCT of Burford Road, Opposite no.124, on right",SUTTON,Sutton North,525146.001,165622.477,51.375873319806196,-0.20331583246724516
33,216,22602221,COMMONSIDE CLOSE,By bus stand/JCT of Downs Road,SUTTON,Belmont,525590.306,162022.898,51.34342505794418,-0.1982054657604621
34,218,22602231,COTSWOLD ROAD,"JCT of Brighton Road, outside Sutton Hospital",SUTTON,Belmont,525797.584,162469.559,51.34739350902321,-0.19507334274924729
35,219,22600454,CRANLEIGH GARDENS,"Opposite no.18 Cranleigh Gardens, JCT of Ashleigh Gardens",SUTTON,Sutton North,525748.83,165617.865,51.37569878579886,-0.19466081619314088
36,231,22602244,CROSS ROAD,JCT of alleyway,BELMONT,Belmont,526814.745,164453.905,51.36500125201151,-0.1797693003741667
37,232,22602248,CROYDON LANE,On brow of hill,BANSTEAD,Carshalton South & Clockhouse,527426.303,161087.552,51.33461069449792,-0.17219378624400464
38,234,22605395,DOWNS ROAD,"JCT of Banstead Road South, on left",SUTTON,Belmont,526281.477,161789.952,51.34117851769912,-0.18836981787474402
39,235,22602279,EAST DRIVE,JCT of Fountain Drive,CARSHALTON,Carshalton South & Clockhouse,527696.499,162828.889,51.350199708846795,-0.16769329676269268
40,236,22602303,FARM ROAD,JCT of Prior Avenue,SUTTON,Sutton South,527041.29,163386.241,51.35535543935305,-0.17689793253257852
41,237,22602303,FARM ROAD,JCT of The Ridgeway,SUTTON,Sutton South,526790.514,163398.938,51.355525520167106,-0.18049292236642228
42,228,22602304,FARMDALE ROAD,"JCT of Banstead Road South, on left",CARSHALTON,Carshalton South & Clockhouse,527132.916,163295.26,51.354517303997106,-0.17561526496942712
43,239,22603028,FIELDSEND ROAD,"Opposite no.35, on right",CHEAM,Cheam,524292.222,164326.666,51.364414869483284,-0.21602893463529096
44,240,22602324,FULLERTON ROAD,Flank of no.75 Woodmansterne Road,CARSHALTON,Carshalton South & Clockhouse,527230.503,162833.675,51.350347157345716,-0.17437948061699565
45,241,22603046,GANDER GREEN LANE,JCT of Tate Road,CHEAM,Stonecot,525020.214,164065.592,51.36190889137506,-0.2056691896248513
46,242,22602331,GIBSON ROAD (1),Civic Car Park by traffic lights,SUTTON,Sutton West,525652.476,164093.902,51.362023929504,-0.1965826413257865
47,243,22602331,GIBSON ROAD (2),Civic Car Park under walkway,SUTTON,Sutton West,525728.724,164058.337,51.361687441777086,-0.1955006100898726
48,244,22605476,GILHAMS AVENUE,"Opposite no.6, on left",BANSTEAD,Cheam,523919.987,161156.403,51.336003835202874,-0.22247592145583758
49,245,22605476,GILHAMS AVENUE,On green outside no. 41,BANSTEAD,Cheam,524009.385,161285.706,51.33714645507742,-0.22114827720794383
50,246,22605476,GILHAMS AVENUE,"Opposite no.83, on right",BANSTEAD,Cheam,524175.872,160979.551,51.334358619384844,-0.21886614588786904
51,247,22600576,GLASTONBURY ROAD,Under foot bridge A217 Reigate Avenue,MORDEN,St Helier,525640.478,166236.271,51.38128048643743,-0.19599825997738723
52,248,22605479,GREEN LANE,"JCT of Central Road, On right opposite Huntsman Hall Pub",WORCESTER PARK,Worcester Park,522299.887,166043.838,51.380279966249915,-0.24404211404516002
53,249,22602358,GROVE LANE,JCT of Lynwood Avenue,COULSDON,Carshalton South & Clockhouse,529008.444,159838.034,51.323024754218935,-0.14994712936290366
54,250,22602358,GROVE LANE,JCT of The Mount,COULSDON,Carshalton South & Clockhouse,528764.099,160210.509,51.32642752866958,-0.15331735700374652
55,251,22602358,GROVE LANE,Opposite no.75,COULSDON,Carshalton South & Clockhouse,528820.656,160088.45,51.325317781233444,-0.1525501730375114
56,253,22603989,GUY ROAD,"26 Guy Road, JCT of Church Lane",WALLINGTON,Beddington North,529923.754,165185.826,51.37087686859659,-0.13486844557292635
57,254,22602367,HARBURY ROAD,JCT of Fullerton Road on the bend,CARSHALTON,Carshalton South & Clockhouse,527045.14,162917.663,51.35114340555454,-0.17700983385243788
58,255,22602367,HARBURY ROAD,Outside Barrow Hedges School,CARSHALTON,Carshalton South & Clockhouse,527136.189,163057.357,51.3523785075627,-0.17565321914940255
59,256,22602372,HARROW ROAD,"JCT of Carshalton Road, Opposite car showroom, on left",CARSHALTON,Carshalton Central,527202.182,164242.296,51.36301293467308,-0.1742827029931788
60,257,22605497,HIGH STREET (Sutton),Next to Barclays & Cafe Nero,SUTTON,Sutton Central,525971.602,164004.826,51.36115276308477,-0.1920328946584537
61,258,22605497,HIGH STREET (Sutton),"Red Lion Pub alleyway, JCT of Marshalls Road",SUTTON,Sutton Central,525744.887,164711.99,51.36755838246081,-0.1950376312850212
62,260,22605559,HILLCREST PARADE,"Outside shops, on right from Longlands Avenue",COULSDON,Carshalton South & Clockhouse,528676.71,160213.155,51.32647107000671,-0.15456993240546144
63,261,22602392,HILLCROOME ROAD,JCT of Upland Road,SUTTON,Sutton South,526854.514,163886.936,51.359896953075925,-0.1794004223220454
64,262,22602400,HOMELAND DRIVE,On roundabout by hospital,SUTTON,Belmont,525539.513,162695.245,51.34947882226813,-0.19869742240926277
65,263,22602404,HULVERSTON CLOSE,Roundabout JCT of Homeland Drive,SUTTON,Belmont,525721.131,162712.433,51.34959317862045,-0.1960848129889508
66,264,22602410,JUNE CLOSE,On the Green,COULSDON,Carshalton South & Clockhouse,528526.839,160337.837,51.32762545595492,-0.15667479360533215
67,276,22605048,KINGS WAY,"Outside NCP car park, on right",BEDDINGTON,Beddington South,524248.65,163478.974,51.35680591489518,-0.21695035401961335
68,306,22600685,KINGSWOOD DRIVE,JCT of Sinclair Drive/Outside no. 8 Kingswood Drive,CARSHALTON,The Wrythe,525576.002,162784,51.35026843011108,-0.19814244923814023
69,268,22601640,LANGLEY AVENUE,"JCT of London Road, outside shops, on left",WORCESTER PARK,Worcester Park,523819.462,165655.859,51.37646394032732,-0.2223535925939485
70,270,22601656,LINDSAY ROAD,"Worcester Park Cemetery, go in and up the drive",WORCESTER PARK,Worcester Park,522819.312,165734.505,51.37738782172071,-0.23668910268043758
71,271,22605502,LITTLE WOODCOTE LANE,Opposite Lower Pillary Down,CARSHALTON,Carshalton South & Clockhouse,528575.006,161448.615,51.33759720666218,-0.15558329322050424
72,272,22602438,LODGE PLACE,"Side of ""Sole Trader""",SUTTON,Sutton Central,525865.919,164428.781,51.36498633918726,-0.19340009414695544
73,274,22601662,LONDON ROAD,"At North Cheam lights, on right",NORTH CHEAM,Stonecot,523435.837,165065.94,51.3712455939916,-0.22806733429267895
75,277,22602444,LONGLANDS AVENUE,Opposite no.15,COULSDON,Carshalton South & Clockhouse,528496.111,160265.634,51.32698349978596,-0.15714158949117296
76,278,22600124,LYNWOOD AVENUE,At end cul-de-sac on green,COULSDON,Carshalton South & Clockhouse,528887.779,159816.531,51.32285883695654,-0.15168561661376137
77,279,22602461,MARSHALLS ROAD,JCT of Rosebury Gardens,SUTTON,Sutton Central,525852.002,164740.951,51.36779495385312,-0.19348949359864978
78,280,22603185,MATLOCK CRESCENT,Opposite no. 84,CHEAM,Cheam,524402.331,164770.982,51.36838398511517,-0.21429281921381355
79,285,22602529,PARK HILL,JCT of Beynon Road,CARSHALTON,Carshalton Central,527628.225,164204.728,51.36257981914202,-0.16817998577277077
80,286,22602539,PEMBURY CLOSE,On green,COULSDON,Carshalton South & Clockhouse,528432.266,160122.167,51.325708559153114,-0.15810907144241437
81,287,22602544,PINE WALK,"JCT of The Warren, ouside no.9, on left",CARSHALTON,Carshalton South & Clockhouse,527166.168,162466.596,51.347062557577544,-0.1754338530473012
82,288,22605161,"PLOUGH LANE, PURLEY",On left at sharp bend from Forresters Drive,PURLEY,Beddington South,530530.934,162645.151,51.347905020112435,-0.12708218063717347
83,290,22602549,PRIOR AVENUE,Opposite no. 43 on left,SUTTON,Sutton South,527019.465,163277.896,51.35438660387815,-0.17724984416996184
84,291,22603277,QUARRY PARK ROAD,Near JCT of Quarry Rise,CHEAM,Sutton West,524571.044,163731.809,51.35900768217602,-0.212234180482119
85,292,22603277,QUARRY PARK ROAD,"Opposite no.62, on left",CHEAM,Sutton West,524648.912,163917.748,51.360661704883114,-0.21105128937548082
86,184,22602555,AVENUE ROAD,JCT of Northdown,BELMONT,Belmont,525280.236,162135.973,51.344509662344365,-0.20261519404504497
87,293,22605182,QUEENSWOOD AVENUE,Opposite no.114,WALLINGTON,Beddington North,530083.277,164737.833,51.36681431537405,-0.13274180942831204
88,295,22604358,RICHMOND GREEN,Opposite 32 Richmond Green,BEDDINGTON,Beddington North,530544.673,165141.114,51.3703327616815,-0.1259697459467349
89,296,22604358,RICHMOND GREEN,Opposite 35 Richmond Green near footbridge,BEDDINGTON,Beddington North,530567.183,165145.681,51.370368633671504,-0.1256448772397258
90,297,22602569,RINGSTEAD ROAD,"JCT of Carshalton Road, on right",SUTTON,Carshalton Central,526984.427,164237.744,51.36302070749629,-0.17741038729787084
91,298,22600959,ROSE HILL PARK WEST,JCT of Grennell Road,SUTTON,Sutton North,526330.861,165927.833,51.37835541312877,-0.18619279289721521
92,299,22600959,ROSE HILL PARK WEST,Outside no.77l,SUTTON,Sutton North,526299.659,165901.56,51.37812623057633,-0.18665020768235277
93,301,22602584,RUSKIN ROAD,Opposite no.90,CARSHALTON,Carshalton Central,528415.731,164331.622,51.363542876147356,-0.15682909563200814
94,302,22605221,SANDHILLS,Opposite no.4,WALLINGTON,Beddington North,529981.576,164925.006,51.36851968562522,-0.13413352660449585
95,303,22603309,SANDY LANE,JCT of Northey Avenue/outside no.74 Sandy Lane,CHEAM,Cheam,524442.831,162374.907,51.346840845612185,-0.214548801098428
96,304,22603309,SANDY LANE,JCT of Upper Mulgrave Road,CHEAM,Cheam,524344.193,163215.078,51.35441331139434,-0.21567106089255547
97,305,22602597,SEVENOAKS CLOSE,Bottom of cul-de-sac by alleyway,SUTTON,Belmont,525547.863,162170.192,51.3447581953955,-0.19876261994204095
98,308,22605442,SOUTH RISE,JCT of The Close,CARSHALTON,Carshalton South & Clockhouse,527370.377,162910.486,51.35100615905642,-0.17234455930215672
99,309,22602632,STANHOPE ROAD,JCT of Stanhope Road,CARSHALTON,Carshalton South & Clockhouse,528131.302,163168.578,51.35315472455867,-0.1613309089588253
100,310,22602635,STANLEY ROAD,"Outside ""Overton High School""",SUTTON,Sutton South,525727.798,163032.805,51.35247096260418,-0.19587603904627002
101,311,22602636,"STANLEY ROAD, Carshalton",At top by barrier,CARSHALTON,Carshalton South & Clockhouse,528110.939,162772.008,51.34959531333704,-0.16176581812862156
102,312,22602639,STAPLEHURST ROAD,"JCT of Banstead Road South, onleft (O/S No.144 Banstead Road South)",CARSHALTON,Carshalton South & Clockhouse,527063.207,163185.516,51.35354660046702,-0.17665497010842343
103,313,22602639,STAPLEHURST ROAD,"Outside no 4, on right",CARSHALTON,Carshalton South & Clockhouse,527214.304,163207.662,51.353711848739316,-0.17447838093377813
104,314,22602639,STAPLEHURST ROAD,JCT of Woodmansterne Road,CARSHALTON,Carshalton South & Clockhouse,527395.124,163169.366,51.35332719971615,-0.1718967860711032
105,316,22602641,STATION ROAD (BELMONT),"On railway bridge, near JCT of Brighton Road",BELMONT,Belmont,525534.07,162031.209,51.34351216321242,-0.19900951959383018
106,317,22601910,STONECOT HILL,"JCT of Garth Road, past Lord Nelson Pub, on left",SUTTON,Stonecot,524127.056,166115.498,51.38052774320808,-0.21777598324790287
107,318,22601910,STONECOT HILL,Opposite Stonecot Close,SUTTON,Stonecot,524260.455,166280.614,51.38198252700258,-0.21580244857282652
108,319,22601048,STREETERS LANE,"Opposite no.1,  JCT of Gisbourne Road",BEDDINGTON,Beddington North,529789.84,165131.238,51.37041688963895,-0.13681109666137764
109,320,5870040570,SUTTON CEMETERY,Inside gates on right,SUTTON,Stonecot,525162.587,165859.639,51.37800109562263,-0.2029941908718371
110,322,22605420,THE BRANDRIES,On the left as you turn in,WALLINGTON,Beddington North,529956.84,165127.843,51.37034821684747,-0.1344145781056644
111,323,22602672,THE GALLOP,"JCT of Crossways, outside no.17, on left",SUTTON,Belmont,526546.813,162984.247,51.35185290799929,-0.18413826373076853
112,325,22602674,THE HIGHWAY,JCT of The Downs Way,SUTTON,Belmont,526398.774,162974.173,51.351795292572525,-0.1862665604550086
113,326,22602682,THE NEWLANDS,JCT with Buckingham Way on right,WALLINGTON,Beddington South,529439.307,163056.164,51.35184825171119,-0.14259858138390433
114,327,22602685,THE QUADRANT,JCT of High Street&NRC,SUTTON,Sutton South,526104.779,163828.574,51.35953922862655,-0.19018352372518513
115,329,22602700,THROWLEY WAY,Under stairwell of Marks&Spencer,SUTTON,Sutton Central,525860.574,164675.396,51.367203900257834,-0.19338960834114574
116,330,22602700,THROWLEY WAY,"JCT of Carshalton Road, on left hand bend",SUTTON,Sutton Central,526092.411,164077.252,51.361776888117475,-0.1902729788139856
117,331,22602706,TURNPIKE LANE,Near JCT of Lind Road,SUTTON,Sutton Central,526426.941,164265.465,51.36339409434546,-0.18540376409004525
118,333,22602722,VINCENT AVENUE,JCT of Sunnymead Avenue,CARSHALTON,Belmont,526658.078,161805.488,51.34123442660848,-0.1829604124674962
119,334,22601125,WAVERLEY AVENUE,"Outside no.75, on left",SUTTON,Sutton North,526050.013,165492.968,51.37450958466464,-0.19038010835090904
120,335,22602735,WAVERLEY WAY,JCT of Banstead Road,CARSHALTON,Carshalton South & Clockhouse,527277.704,163590.692,51.35713999683919,-0.17343149442147046
121,336,22601910,WELLESLEY COURT,"Off Stonecot Hill, in block end",SUTTON,Stonecot,524325.532,166376.513,51.3828301601828,-0.21483427175686423
122,337,22605588,WELLFIELD GARDENS,JCT of Woodmansterne Road,CARSHALTON,Carshalton South & Clockhouse,527276.767,162641.405,51.34860885151985,-0.17378420662424002
123,338,22605588,WELLFIELD GARDENS,Near no.1,CARSHALTON,Carshalton South & Clockhouse,527391.093,162621.974,51.34840862836321,-0.17215042602993783
124,339,22605548,WESTMORELAND DRIVE,End of cul-de-sac,SUTTON,Sutton South,525926.935,162938.815,51.35158219448053,-0.1930511183645479
125,396,22600219,WHITETHORN AVENUE,JCT of Beechwood Avenue,COULSDON,Carshalton South & Clockhouse,528568.68,159750.01,51.32233316174694,-0.15628647462529385
126,342,22605703,WOODMANSTERNE LANE,"After Woodmansterne Road, in dip on left",CARSHALTON,Carshalton South & Clockhouse,528301.579,161348.454,51.336758772450644,-0.15954241447821194
127,343,22605703,WOODMANSTERNE LANE,JCT of Upper Pillary Down,CARSHALTON,Carshalton South & Clockhouse,528360.277,161374.708,51.336981480703415,-0.15869079002347117
128,344,22602779,WOODMANSTERNE ROAD,"JCT of Oakhurst Rise, on right",CARSHALTON,Carshalton South & Clockhouse,527347.172,162285.398,51.345393613429174,-0.1729010609102524
129,345,22605696,WORCESTER ROAD,Registry Office,SUTTON,Sutton West,525746.122,163485.977,51.35653967017917,-0.19545301625044786
130,346,22605675,WORDSWORTH ROAD,Opposite no.8,WALLINGTON,Wallington South,529619.666,163597.727,51.35667417063691,-0.1398129270236323
131,347,22605653,WRYTHE LANE,JCT of Welbeck Road,CARSHALTON,The Wrythe,526845.188,165954.415,51.378479718524645,-0.17879722261602918
132,284,22602527,PARK AVENUE,JCT with Grosvenor Avenue Carshalton (at side of 66 Grosvenor Avenue),CARSHALTON,Carshalton Central,528159.523,163825.416,51.35905140094888,-0.16068944463270593
133,198,22603628,BLANDFORD CLOSE,Opposite no.6,BEDDINGTON,Beddington North,530289.436,165139.721,51.37037881311786,-0.12963488803824627
135,203,22602148,BROWN CLOSE,Outside no.18,WALLINGTON,Beddington South,530070.295,163262.147,51.3535554393985,-0.1334673878062047
136,328,22602696,THICKET ROAD,JCT of Avon Close along fence,SUTTON,Sutton Central,526367.081,164635.619,51.3667340379545,-0.1861316832883324
137,265,22602413,KINGS AVENUE,Opposite no.3 Kings Avenue,CARSHALTON,Carshalton South & Clockhouse,527443.082,163085.745,51.352564943389744,-0.17123837923153606
138,185,22602083,BALFOUR ROAD,JCT of Stanley Park Road next to road sign,CARSHALTON,Carshalton South & Clockhouse,527761.499,163254.37,51.354008945144955,-0.16660779738081338
139,341,22602775,WOODFIELD AVENUE,On corner outside no.1,CARSHALTON,Carshalton South & Clockhouse,528083.404,163432.487,51.355537280030354,-0.16192344888816376
140,178,22602069,ANGLESEY COURT ROAD,Outside no.48,CARSHALTON,Carshalton South & Clockhouse,528231.694,163679.182,51.35772091755101,-0.15970613815070173
141,179,22602069,ANGLESEY COURT ROAD,JCT of Stanley Park Road on grass verge,CARSHALTON,Carshalton South & Clockhouse,528257.166,163450.952,51.3556640599513,-0.15942272445633823
142,307,22602609,SOUTH AVENUE,JCT of Stanley Road next to sign,CARSHALTON,Carshalton South & Clockhouse,528071.54,163209.225,51.353533483557555,-0.16217403478358527
143,188,22602101,BEDDINGTON GARDENS,JCT of Longacre Place outside no.100,CARSHALTON,Wallington South,528319.261,163707.542,51.357956034571785,-0.15843897467216742
144,201,22605455,BRAMBLEDOWN ROAD,JCT of Parkhill Road on grass verge,WALLINGTON,Wallington South,528773.099,163164.698,51.352974888562656,-0.1521208595009698
145,205,22602170,CAMBRIDGE ROAD,JCT of Banstead Road.  Outside no.80 Cambridge Road,CARSHALTON,Carshalton Central,527354.914,163836.353,51.359330489703424,-0.17223534590292106
146,206,22602170,CAMBRIDGE ROAD,JCT of Banstead Road.  Side of no. 20 Banstead Road,CARSHALTON,Carshalton Central,527369.478,163843.001,51.35938697349998,-0.17202390595054695
147,275,22600738,LONDON ROAD,"Outside 156 London Road, Hackbridge",HACKBRIDGE,Wandle Valley,528456.086,166124.47,51.37964608534966,-0.15560238779606822
148,282,22601732,MORETON ROAD,Worcester Park junction Windsor Road,WORCESTER PARK,Nonsuch,522415.682,165693.671,51.37710793160304,-0.24249963302197589
149,269,22602432,LINDEN WAY,Opposite no.12,PURLEY,Beddington South,529468.42,162184.704,51.344009841178924,-0.1424974733327458
150,181,22602074,ASHCOMBE ROAD,"JCT Park Avenue, Lynwood Avenue",CARSHALTON,Carshalton Central,528104,163945.75,51.360145360966804,-0.16144314718812394
151,1,22605639,HAMILTON AVENUE,Nos 27-29,NORTH CHEAM,Stonecot,524506.907,165646.495,51.37622956932078,-0.21248491026681499
152,2,22603045,GANDER GREEN LANE,JCT of Windsor Avenue,SUTTON,Sutton West,524724.266,165223.986,51.372384701537165,-0.20951173058267883
153,3,22603045,GANDER GREEN LANE,JCT of Henley Avenue,SUTTON,Sutton West,524524.163,165729.205,51.37696912540002,-0.2122081501360406
154,4,22603045,GANDER GREEN LANE,JCT of Kingston Avenue,SUTTON,Sutton West,524468.411,165557.656,51.37543958221025,-0.21306881346574644
155,5,22601910,STONECOT HILL,Between Hill Top & Ash Road,SUTTON,Stonecot,524460.689,166560.831,51.38445708027638,-0.2128285715665804
156,217,22602221,COMMONSIDE CLOSE,JCT of Downs Road,SUTTON,Belmont,525645.796,162028.774,51.343465614088764,-0.19740711761289917
157,7,22601910,STONECOT HILL,JCT of Ridge Road,SUTTON,Stonecot,524204.408,166192.681,51.38120450402187,-0.2166381192737216
158,233,22605395,DOWNS ROAD,Outside entrance to Royal Marsden Hospital,SUTTON,Belmont,526047.462,161913.037,51.34233660492279,-0.19168419855275473
159,9,22601354,CENTRAL ROAD,JCT of Caldbeck Avenue,WORCESTER PARK,Worcester Park,522470.917,165897.6,51.378928823563776,-0.24163618617893312
160,10,22601354,CENTRAL ROAD,JCT of Windsor Road,WORCESTER PARK,Worcester Park,522509.555,165814.891,51.378177154054704,-0.2411097858681019
162,12,22601354,CENTRAL ROAD,JCT of Lindsay Road,WORCESTER PARK,Worcester Park,522809.672,165656.824,51.3766917557028,-0.2368543654486954
163,13,22601452,DORCHESTER ROAD,JCT of Ruskin Drive,WORCESTER PARK,Worcester Park,523072.249,166025.261,51.37994622478063,-0.2329560976857205
164,14,22601653,LINCOLN ROAD,JCT of Green Lane,WORCESTER PARK,Worcester Park,522505.599,166438.363,51.38378140353241,-0.24095178909154633
165,15,22601656,LINDSAY ROAD,JCT of Browning Avenue,WORCESTER PARK,Worcester Park,523003.558,166028.269,51.379988134304476,-0.2339415701092781
166,16,22601523,BALMORAL ROAD,JCT of Braemar Road o/s Scout Hall,WORCESTER PARK,Nonsuch,522505.106,165441.355,51.37482099038524,-0.24130234181469204
167,17,22602889,BUXTON CRRESCENT,JCT of Wrayfield Road,CHEAM,Nonsuch,523989.234,164782.46,51.368577405950084,-0.22022001378077685
168,18,22602924,CHURCH HILL ROAD,By Shops,CHEAM,Cheam,524166.721,164724.995,51.368022204601516,-0.21769172132447528
169,19,22603273,PRIORY ROAD,JCT  of Malden Road,CHEAM,Nonsuch,523777.2,164524.757,51.36630755542197,-0.22335403060243822
170,20,22602924,CHURCH HILL ROAD,JCT of Senhouse Road,CHEAM,Cheam,523589.517,165046.137,51.37103421895041,-0.2258675495771765
171,21,22601610,KIMPTON ROAD,JCT with Willow Walk,SUTTON,Stonecot,524818.133,165475.011,51.37462011949494,-0.2080758072406142
172,22,22601767,OLDFIELDS ROAD,Outside Mr India,SUTTON,Stonecot,524815.238,165175.182,51.37192611458965,-0.20822258320668194
173,23,22605390,POPLAR ROAD,JCT of Fir Road/Tonfield Road,SUTTON,Stonecot,524602.554,166326.946,51.3823239958921,-0.2108729609056936
174,24,22602899,CHARTWELL PLACE,Jct Abbots Road,CHEAM,Cheam,524553.415,164962.733,51.37007421807991,-0.21205645702362416
175,25,22603168,LUMLEY ROAD,East End jct Feildsend Road,CHEAM,Cheam,524350.282,164105.952,51.36241854717809,-0.21527250235201636
176,26,22602940,COOKES LANE,JCT Church Road,CHEAM,Cheam,524231.625,163872.933,51.36035027242744,-0.2170572648984059
177,27,22603247,PARK ROAD,Outside Church,CHEAM,Cheam,524258.207,163791.991,51.359617011728915,-0.21670392380102027
178,28,22603311,SCOTSDALE CLOSE,On corner facing Station Way,CHEAM,Cheam,524365.199,163409.665,51.35615753380984,-0.21530159141757685
179,29,22603365,STOUGHTON AVENUE,JCT of Chatsworth Road,CHEAM,Cheam,523932.695,164497.324,51.36602712514012,-0.2211311048211305
180,30,22603213,NETLEY CLOSE,JCT of Malden Road,CHEAM,Nonsuch,523839.683,164403.458,51.36520379073268,-0.22249915691801284
181,31,22603411,TUDOR CLOSE,JCT of Malden Road,CHEAM,Cheam,524074.499,164010.48,51.361620764368595,-0.21926492285276175
182,32,22603378,THE BROADWAY,JCT of Park Lane,CHEAM,Cheam,524237.284,163761.317,51.35934590686411,-0.21701498046245557
183,33,22603279,QUEENS ACRE,JCT of Anne Boleyns Walk,CHEAM,Cheam,524054.5,163336.656,51.35556924479498,-0.21978681602594
184,34,22603088,HIGHER DRIVE,JCT of Cuddington Way,BANSTEAD,Cheam,523612.107,161208.051,51.33653498047577,-0.22687541582970017
185,35,22603088,HIGHER DRIVE,Top end Banstead Road near train station,BANSTEAD,Cheam,524473.592,160574.212,51.33065065210863,-0.21473619744843214
186,36,22603309,SANDY LANE,Adj to Northern end of The Avenue,CHEAM,Cheam,524439.186,162826.722,51.35090225240716,-0.21444327682594894
187,37,22603309,SANDY LANE,Adj to end of Peaches Close,CHEAM,Cheam,524319.828,163231.417,51.35456548241159,-0.21601507934144662
188,38,22602500,NORTHDOWN ROAD,Adj Burdon Lane,SUTTON,Belmont,525062.478,162118.654,51.34440192619571,-0.20574616614801608
189,39,22603357,CHEAM RAILWAY STATION,Outside station,CHEAM,Cheam,524368.508,163364.7,51.35575269523923,-0.21526979920346442
190,42,22605704,THE CRESCENT,Belmont Village end,BELMONT,Belmont,525447.781,162018.777,51.34341946808635,-0.20025213927994331
191,43,22602787,YORK ROAD,Adj jct with Holland Avenue,CHEAM,Belmont,525157.422,163072.974,51.35295778380139,-0.20404839720772847
192,44,22602787,YORK ROAD,Adj jct with Mulgrave Road,CHEAM,Belmont,525104.307,163479.598,51.35662391058682,-0.20466789778853245
193,45,22602275,DOWNSIDE ROAD,JCT Banstead Road,SUTTON,Sutton South,527257.584,163603.225,51.35725713566149,-0.17371581731786861
194,46,22602422,LANGLEY PARK ROAD,JCT Cedar Road,SUTTON,Sutton South,526384.906,163769.047,51.3589420490289,-0.18618347399134752
195,47,22602284,EGMONT ROAD,Albion Road End,SUTTON,Belmont,526537.981,163176.477,51.35358247725608,-0.184196723609743
196,54,22602245,CROSS ROAD,Near Car Parking Area,CARSHALTON,Carshalton Central,526818.632,164455.102,51.36501114244491,-0.17971307009126805
197,55,22605704,THE CRESCENT,JCT of Queens Road,BELMONT,Belmont,525367.715,161811.585,51.34157502705932,-0.20147397368953543
198,56,22602231,COTSWOLD ROAD,Cnr Pelton Avenue,SUTTON,Belmont,525841.123,162108.596,51.34413981936324,-0.19457600449206974
199,64,22602203,CHILTERN ROAD,Cnr The Gallop,SUTTON,Belmont,526546.604,162405.88,51.346655067634735,-0.1843467347032675
200,66,22602677,THE LINKWAY,Cnr The Highway,SUTTON,Belmont,526430.342,162594.601,51.34837699208672,-0.1859482126822234
201,67,22602088,BANSTEAD ROAD SOUTH,Cnr The Crossways,SUTTON,Belmont,526901.734,162907.476,51.351083870127084,-0.17907165006882686
202,48,22602169,CAMBORNE ROAD,JCT of Eastleigh Close,SUTTON,Sutton South,525783.92,163155.288,51.35355933482564,-0.19502727580221518
203,49,22602341,GRANGE ROAD,JCT of Grange Vale and Cambourne Road,SUTTON,Belmont,525799.72,163370.735,51.355492109800075,-0.19472438666509256
204,50,22602587,SACKVILLE ROAD,Cnr Penhurst Way,CHEAM,Belmont,525247.133,163040.537,51.352646513430656,-0.20277218946793604
205,51,22605700,BELMONT RISE,Cnr Cornwall Road,CHEAM,Belmont,525024.212,162545.151,51.34824338999193,-0.2061456252243168
206,52,22602269,DORSET ROAD,Cnr Holland Avenue,BELMONT,Belmont,525258.057,162488.398,51.347681886593236,-0.2028095642805219
207,53,22602404,HULVERSTON CLOSE,Near recycling area and car park,SUTTON,Belmont,525626.062,162366.989,51.34650959515885,-0.19757104809049467
208,57,22602674,THE HIGHWAY,Cnr Heath Drive,SUTTON,Belmont,526061.08,162590.265,51.34841998379753,-0.19124917114603618
209,58,22603087,HIGHVIEW,JCT of The Dene,SUTTON,Cheam,524704.416,161691.832,51.340644545583615,-0.21103383250898242
210,59,22603123,KINGSDOWN ROAD,JCT of Tilehurst Road,CHEAM,Cheam,524089.497,164229.668,51.36358740551235,-0.2189732005159134
211,61,22602205,CHRISTCHURCH PARK ROAD,JCT of Langley Park Road,SUTTON,Sutton South,526496.701,163450.626,51.35605548508641,-0.18469182719245872
212,62,22602264,DEVONSHIRE AVENUE,JCT of Brighton Road,SUTTON,Sutton South,526003.919,163109.103,51.35309555754659,-0.19188596470289868
213,63,22602264,DEVONSHIRE AVENUE,JCT of Egmont Road,SUTTON,Sutton South,526353.721,163119.032,51.353107178677305,-0.1868617869018827
214,65,22602305,FELBRIDGE CLOSE,Cnr Brighton Road,SUTTON,Belmont,525922.834,162780.615,51.35016132444753,-0.19316590793165778
215,68,22605865,BRIGHTON ROAD,Cnr Egmont Road,WALLINGTON,Beddington South,525993.562,163011.701,51.352222479912356,-0.1920690760635179
216,69,22602787,YORK ROAD,Cnr Grange Road,CHEAM,Belmont,525152.981,163172.953,51.35385729934993,-0.2040770029523231
217,70,22605700,BELMONT RISE,Cnr Arundel Road,CHEAM,Belmont,524723.715,163165.556,51.3538851300573,-0.21024095730743805
218,71,22600495,DIBDEN ROAD,near to the bend where there is a steep hill,SUTTON,Sutton North,525329.754,165537.677,51.37507070470207,-0.2007070067801808
219,72,22605508,MULGRAVE ROAD,JCT of Beresford Road,SUTTON,Sutton West,524864.384,163398.668,51.35594930529657,-0.20814015817707102
220,73,22605508,MULGRAVE ROAD,East End Shops,SUTTON,Sutton West,525980.158,163726.875,51.358652866178254,-0.19200843297064119
221,74,22605671,CHEAM ROAD,"JCT of Summerville Gardens, opp Quarry Rise",SUTTON,Sutton Central,524652.819,163737.75,51.35904315344272,-0.2110582299503325
222,75,22605707,SHEARWATER ROAD,JCT Glebe Court,CHEAM,Sutton West,524731.552,164063.258,51.361951320494875,-0.20981397266828403
223,76,22605707,SHEARWATER ROAD,JCT of Sandpiper Road,CHEAM,Sutton West,524812.281,164214.461,51.3632925062118,-0.2086020241521005
224,77,22600658,HURSTCOURT ROAD,JCT of Sutton Common Road,SUTTON,Sutton North,525546.69,165598.061,51.37556550036438,-0.19757053468133806
225,78,22602156,BURNELL ROAD,Outside Belsize Court,SUTTON,Sutton Central,525947.419,164889.446,51.36910837122146,-0.19206698350619408
226,79,22603336,ST ALBANS ROAD,cul de sac end,CHEAM,Sutton West,524540.028,164610.591,51.36691235066623,-0.21237192592582646
227,80,22603045,GANDER GREEN LANE,West Sutton Train Staion,SUTTON,Sutton West,525020.23,164505.404,51.365861592875625,-0.20551446774742838
228,81,22603045,GANDER GREEN LANE,JCT of Elmbrook Road,SUTTON,Sutton West,524941.252,164757.946,51.368148618403175,-0.20655968375085526
229,82,22600512,EDINBURGH ROAD,JCT of Grennell Close,SUTTON,Sutton North,526534.734,165538.259,51.37480889428737,-0.18340363591198147
230,83,22602218,COLLINGWOOD ROAD,JCT of Sydney Road by shops,SUTTON,Sutton Central,525393.355,164738.117,51.36787085127602,-0.20007553019413934
231,84,22600286,AULTONE WAY,JCT of Greenhill,CARSHALTON,The Wrythe,526277.657,165748.833,51.37675854080456,-0.1870204015105739
232,85,22600286,AULTONE WAY,JCT of Woodend,CARSHALTON,The Wrythe,526105.131,165701.88,51.376374882091916,-0.1895145675493034
233,86,22605671,CHEAM ROAD,JCT of York Road,SUTTON,Sutton Central,524990.944,163825.763,51.35975991982381,-0.206173592224276
234,87,22605568,GROVE ROAD,JCT of Salisbury Avenue/York Road,SUTTON,Sutton West,525072.56,163618.442,51.357878722746335,-0.20507482359591803
235,88,22605568,GROVE ROAD,JCT of Sutton Park Road,SUTTON,Sutton West,525794.021,163873.317,51.360010183706144,-0.1946286160601201
236,89,22602599,SHERWOOD PARK ROAD,JCT of Camden Road,SUTTON,Sutton West,525463.813,164162.622,51.36268319913042,-0.19926681268995552
237,90,22600958,ROSE HILL,JCT of Rose Hill Park,SUTTON,Sutton North,525950.163,166115.866,51.38012981541277,-0.1915933079700837
238,91,22602700,THROWLEY WAY,JCT of Greyhound Road,SUTTON,Sutton Central,526003.576,164272.689,51.36355301413669,-0.19147907113445267
239,92,22601038,STAYTON ROAD,JCT of Pylbrook Road,SUTTON,Sutton North,525528.559,165231.94,51.372279100706386,-0.1979600996545556
240,93,22605398,ALL SAINTS ROAD,JCT of Grennell Road/Benhill Road,SUTTON,Sutton North,526388.096,165348.27,51.37313406904538,-0.18557680820196285
241,94,22600609,HALESOWEN ROAD,JCT of Hexham Road,MORDEN,St Helier,525661.569,166524.191,51.383863411373945,-0.19559359109278798
242,95,22600746,LOVE LANE,JCT towards Glastonbury Road,MORDEN,St Helier,525392.295,166711.194,51.38560354612177,-0.19939509097182773
243,96,22605511,HILLFIELD PARADE,JCT of Bihsopsford Road/Seddon Road,MORDEN,St Helier,526988.184,167503.627,51.39237067329385,-0.17619025374019895
244,97,22600842,MIDDLETON CIRCLE,JCT of Neville Walk,CARSHALTON,Wandle Valley,527209.257,166681.32,51.38493107219447,-0.17330886575293813
245,98,22600284,MIDDLETON CIRCLE,JCT of Assembly Walk,CARSHALTON,St Helier,527066.745,166648.512,51.38466812075183,-0.1753674504091753
246,99,22601078,THORNTON ROAD,JCT of St Pauls Close,CARSHALTON,St Helier,527151.326,166495.123,51.38327067634704,-0.17420750919505207
247,100,22605510,PRINCE OF WALES,JCT of Wrythe Lane,SUTTON,The Wrythe,526952.281,165632.626,51.375563849981404,-0.1773741608399319
248,101,22600893,PERSHORE GROVE,JCT of Osney Walk,CARSHALTON,Wandle Valley,526969.279,167284.938,51.39040952618782,-0.17653996538686806
249,102,22600602,GROVESIDE CLOSE,JCT of Baker Gardens,CARSHALTON,St Helier,527368.458,165910.803,51.37797071364857,-0.17129833770357397
250,103,22601078,THORNTON ROAD,JCT of Wrythe Lane,CARSHALTON,St Helier,526611.749,166180.638,51.38056487910825,-0.1820690283554372
251,104,22600851,NIGHTINGALE ROAD,JCT of Strawberry Lane,CARSHALTON,The Wrythe,527978.499,165442.104,51.373621423832745,-0.16270653440117885
252,105,22600797,MIDDLETON ROAD,JCT of Shaftesbury Road,CARSHALTON,St Helier,526832.609,166763.228,51.385751409767494,-0.17868933158872244
253,106,22600657,HUNSTON ROAD,JCT of Kirksted Road,MORDEN,St Helier,525630.226,166344.137,51.38225216540957,-0.19610738228210886
254,107,22600738,LONDON ROAD,JCT of Seymour Road,HACKBRIDGE,Wandle Valley,528308.452,166593.528,51.383894867003235,-0.15755326978436524
255,108,22600606,HACKBRIDGE ROAD,on bridge,HACKBRIDGE,Wandle Valley,528444.331,166084.921,51.379293316598144,-0.15578548595675412
256,109,22605653,WRYTHE LANE,JCT of Poulton Avenue,CARSHALTON,The Wrythe,527157.56,165289.624,51.37243536037673,-0.17454901962784364
257,110,22600851,NIGHTINGALE ROAD,nr Tom Brakes office,CARSHALTON,The Wrythe,527759.346,165258.98,51.37202499193852,-0.1659191407916324
258,112,22600593,GREEN WRYTHE LANE,JCT of Waltham Road,CARSHALTON,Wandle Valley,527341.096,166160.121,51.38021748459586,-0.17160198708021648
259,113,22602070,ANGLESEY GARDENS,JCT of Stanley Park Road,CARSHALTON,Carshalton South & Clockhouse,528167.562,163412.739,51.35534084123797,-0.16072260391083265
260,114,22602146,BROOKFIELD AVENUE,JCT of Mead Crescent,SUTTON,Carshalton Central,527135.011,165074.71,51.37050895243637,-0.17494959989940398
261,115,22602254,DALMENY ROAD,Near Stanley Park Road,CARSHALTON,Wallington South,528310.962,163435.215,51.355510494500656,-0.15865623875804016
262,116,22605518,MOUNT PARK,Near no 47,CARSHALTON,Wallington South,528383.349,162673.544,51.34864898802649,-0.1578918084464205
263,117,22602499,NORTH STREET,JCT of Station Approach,CARSHALTON,Carshalton Central,527829.792,164846.419,51.36830144489302,-0.1650558680412475
264,118,22602543,PINE RIDGE,JCT of Cranfield Road East,CARSHALTON,Carshalton South & Clockhouse,528240.332,162874.516,51.35048739813873,-0.15987192358348243
265,119,22602544,PINE WALK EAST,JCT of Pine Walk West and Westway,CARSHALTON,Carshalton South & Clockhouse,527121.338,162295.748,51.34553714310645,-0.1761381636517827
266,120,22602290,ERSKINE ROAD,JCT of Florian Avenue,SUTTON,Carshalton Central,526729.917,164966.989,51.36963132400425,-0.18080440185296065
267,121,22602361,GURNEY ROAD,JCT of Mill Lane,CARSHALTON,Carshalton Central,528062.881,164969.763,51.3693574716052,-0.16166492197275384
268,122,22605869,CARSHALTON ROAD,JCT of Kings Lane,MORDEN,St Helier,526909.646,164200.447,51.36270221368418,-0.17849723253774633
269,132,22602375,HAWTHORN ROAD,JCT of Harrow Road,SUTTON,Carshalton Central,527166.31,163897.589,51.359923039763586,-0.17492082336183307
270,124,22602730,WARREN PARK ROAD,JCT of Kings Lane,SUTTON,Carshalton Central,526963.44,163966.072,51.36058384459559,-0.17780857644617934
271,125,22602296,FAIRVIEW ROAD,JCT of Harrow Road,SUTTON,Carshalton Central,527168.372,164090.987,51.36166066819961,-0.17482213319360032
272,126,22602661,BEECHES AVENUE,Bottom of Waverley Way,CARSHALTON,Carshalton South & Clockhouse,527483.181,163538.263,51.356622780898086,-0.17050085416321592
273,127,22602242,CRICHTON ROAD,JCT of Stanely Park Road,CARSHALTON,Carshalton South & Clockhouse,527614.378,163232.527,51.35384567443835,-0.16872724942139297
274,128,22602725,WALLACE CRESCENT,JCT of Pound Street,CARSHALTON,Carshalton Central,527736.348,164331.663,51.36369630849953,-0.166582254683994
275,129,22602725,WALLACE CRESCENT,next to 65 Wallace Crsecent,CARSHALTON,Carshalton Central,527719.274,164218.908,51.36268680783173,-0.16686783023793975
276,130,22602529,PARK HILL,Opp 52 Park Hill,CARSHALTON,Carshalton Central,527512.423,163899.26,51.35986053754678,-0.16995182566063546
277,131,22602376,HAWTHORNE AVENUE,The Birches,CARSHALTON,Wallington South,528378.732,163320.906,51.35446789933518,-0.15772472277167152
278,197,22602211,BLACKBUSH CLOSE,JCT of Copse Hill,SUTTON,Sutton South,525971,163329.405,51.355082750766364,-0.19228051707214705
279,133,22602529,PARK HILL,JCT of Hill Road,CARSHALTON,Carshalton Central,527493.102,163700.697,51.35808036639282,-0.17030028455660795
280,134,22602647,SUSSEX ROAD,Footpath to Stanley Park Junior School,CARSHALTON,Carshalton South & Clockhouse,527878.997,163545.676,51.356600522733686,-0.1648167377484707
281,135,22602565,REDFORD AVENUE,JCT of The Mount,COULSDON,Carshalton South & Clockhouse,528528.235,160034.187,51.32489621544505,-0.15676418912676882
282,136,22602567,RICHLAND AVENUE,JCT of Corrigan Avenue,COULSDON,Carshalton South & Clockhouse,528352.136,160045.021,51.32503331454793,-0.15928622171558393
283,137,22602567,RICHLAND AVENUE,JCT of Longlands Avenue,COULSDON,Carshalton South & Clockhouse,528276.727,160170.22,51.3261754875951,-0.16032285270776117
284,138,22602584,RUSKIN ROAD,JCT of Cator Road,CARSHALTON,Carshalton Central,527986.481,164260.999,51.36300498747139,-0.1630167637531741
285,139,22602684,THE PARK,JCT of Park Close,CARSHALTON,Carshalton Central,527992.043,163921.022,51.359948344183394,-0.16305916404252987
286,140,22602724,WALES AVENUE,JCT of Cambridge Road,CARSHALTON,Carshalton Central,527368.223,164112.714,51.36181119201556,-0.1719454170955966
287,141,22605649,WEST STREET,JCT of Station Approach,CARSHALTON,Carshalton Central,527671.669,164828.435,51.36817536180204,-0.16733256149321699
288,142,22602743,WEST WAY,JCT of South Way,CARSHALTON,Carshalton South & Clockhouse,526877.039,162413.18,51.34664706532303,-0.17960213554466634
289,143,22605547,WESTMEAD CORNER,JCT of Westmead Road and Colston Avenue,CARSHALTON,Carshalton Central,527389.259,164621.946,51.36638299316525,-0.17146116475016795
290,144,22602747,WESTMEAD ROAD,JCT of Meadow Road,SUTTON,Carshalton Central,527089.082,164583.009,51.366100256043794,-0.17578468125620927
291,145,22600219,WHITETHORN AVENUE,JCT of The Mount,COULSDON,Carshalton South & Clockhouse,528435.048,159961.807,51.3242667627006,-0.1581269060415129
292,146,22602781,WOODSTOCK ROAD,JCT of Aschcombe Road,CARSHALTON,Carshalton Central,528326.941,164044.575,51.36098322746988,-0.15820724331089747
293,147,22605499,BUTE ROAD,JCT of Eastway,WALLINGTON,Wallington North,529122.93,164659.936,51.366333229482755,-0.14655756868240719
294,148,22605499,BUTE ROAD,JCT of Clifton Road and Osmand Gardens,WALLINGTON,Wallington North,529168,164292.575,51.363021530420255,-0.14604384688331146
295,149,22605895,CROYDON ROAD,JCT of Derek Avenue,WALLINGTON,Beddington North,528764.582,164835.146,51.36798912977631,-0.15163885678806122
296,150,22605595,LONDON ROAD,JCT of Butter Hill,WALLINGTON,Wallington North,528543.711,164911.528,51.36872556924204,-0.1547823590517319
297,151,22602457,MANOR ROAD,Opposite Total Petrol Station,WALLINGTON,Wallington North,528859.8,164163.865,51.36193475955304,-0.15051485385394428
298,152,22602457,MANOR ROAD,Opposite Dukes Head PH,WALLINGTON,Wallington North,528648.539,164706.36,51.3668580079099,-0.15335147392644607
300,154,22605667,WESTCROFT ROAD,By barriers,WALLINGTON,Wallington North,528341.031,164724.359,51.367089281008184,-0.15775984456773112
301,155,22604707,APELDOORN DRIVE,JCT of Rheingold Way,WALLINGTON,Beddington South,530201.237,162853.597,51.34985387309463,-0.13173739444940102
302,156,22605224,SANDY LANE NORTH,JCT of Beddington Grove,WALLINGTON,Beddington North,529949.575,164252.523,51.36248346394758,-0.13483853759731682
303,157,22604165,CRISPIN CRESCENT,Outside 12,BEDDINGTON,Beddington North,530064.245,165480.515,51.37349306907173,-0.13274353503398198
304,158,22604928,FORESTERS DRIVE,JCT of Foresters Close,WALLINGTON,Beddington South,529735.298,163406.724,51.35493126795757,-0.13822278806956134
305,159,22605531,STAFFORD ROAD,JCT of Demesne Road,WALLINGTON,Wallington South,529623.687,163920.275,51.35957197330484,-0.13963777456411253
306,160,22602559,DEMESNE ROAD,JCT of Queenswood Avenue,CARSHALTON,Carshalton South & Clockhouse,529559.403,164582.166,51.36553499797432,-0.1403196084081
307,161,22602578,ROSS PARADE,JCT of Woodcote Road,WALLINGTON,Wallington South,528918.563,163952.799,51.36002458989357,-0.14974773441099948
308,162,22602578,ROSS PARADE,JCT of Clarendon Road,WALLINGTON,Wallington South,529056.609,164007.678,51.360486467218806,-0.14774623026498637
309,163,22602209,CLARENDON ROAD,JCT of Elgin Road,WALLINGTON,Wallington South,529076.356,163843.196,51.35900378846118,-0.14752240424367494
310,164,22602634,STANLEY PARK ROAD,JCT of Holmwood Gardens,WALLINGTON,Wallington South,528698.747,163552.314,51.356475229867854,-0.15304790648105995
311,165,22605891,BOUNDARY ROAD,JCT of Hawthorne Avenue,WALLINGTON,Wallington South,528469.803,163340.995,51.35462787251235,-0.15641033062343374
312,166,22605188,REDFORD AVENUE,JCT of Link Lane,WALLINGTON,Beddington South,530020.188,163871.131,51.35903978447027,-0.13396417070489378
313,167,22605507,MOLLISON DRIVE,outside St Elpheges School,WALLINGTON,Beddington South,530407.433,163592.859,51.35645029862193,-0.12850749156577496
314,168,22605507,MOLLISON DRIVE,JCT of Forresters Drive,WALLINGTON,Beddington South,529808.871,163156.211,51.35266313402313,-0.13725811070766356
315,169,22605550,WOODCOTE ROAD,JCT of Woodcote Green,WALLINGTON,Wallington South,529101.587,162614.006,51.3479513470691,-0.147605842976444
316,170,22605550,WOODCOTE ROAD,JCTof Shirley Road,WALLINGTON,Wallington South,529065.948,162810.381,51.3497242565831,-0.14804614297757268
317,348,22602375,HAWTHORN ROAD,JCT of Fairview Road,SUTTON,Carshalton Central,526997.301,164036.542,51.36120960457522,-0.1772973569276654
318,349,22602290,ERSKINE ROAD,JCT of Paget Avenue,SUTTON,The Wrythe,526705.187,164992.168,51.369863124640645,-0.18115050739416133
319,350,22602696,THICKET ROAD,Outside Oak Lodge no.21,SUTTON,Sutton Central,526359.477,164713.895,51.367439207308685,-0.18621305890229936
320,230,22600280,ASHLEIGH GARDENS,At top of hill by footpath,SUTTON,Sutton North,525721.134,165473.064,51.37440355987232,-0.19510971224519952
321,281,22602467,MEADOW ROAD,JCT of Croft Road,SUTTON,Carshalton Central,527077.454,164383.625,51.3643109694567,-0.17602281833088806
322,300,22602586,RUTHERFORD CLOSE,JCT of Cumnor Road,SUTTON,Sutton South,526565.352,163943.946,51.36047375491581,-0.18353105430266692
323,332,22602708,UPLAND ROAD,"JCT of Downside Road, opp 70",SUTTON,Sutton South,526920.411,163809.298,51.35918450337438,-0.17848215708739135
324,351,22605511,BISHOPSFORD ROAD,Hill House,MORDEN,St Helier,526535.802,166987.825,51.38783608356035,-0.18287241883189612
325,352,22602086,BANKSIDE CLOSE,Bottom of Bankside Close,CARSHALTON,Carshalton Central,527539.175,163956.019,51.36036463516361,-0.16954747037548532
326,353,22602370,HARCOURT ROAD,JCT of Harcourt Field,WALLINGTON,Wallington North,528804.928,164721.897,51.36696222133305,-0.15110059513609606
327,252,22605358,GROVE LANE,JCT of Beechwood Avenue,COULSDON,Carshalton South & Clockhouse,528900.554,159933.34,51.323905713228584,-0.15146017599152722
328,273,22602438,LODGE PLACE,JCT of High Street,SUTTON,Sutton Central,525849.052,164414.395,51.36486078375748,-0.19364733427283976
329,289,22602547,PRINCES AVENUE,JCT of Kings Avenue,CARSHALTON,Carshalton South & Clockhouse,527496.043,163090.012,51.35259142053391,-0.17047672651501086
330,315,2262639,STAPLEHURST ROAD,Opposite no.144 Banstead Road South,CARSHALTON,Carshalton South & Clockhouse,527078.687,163180.43,51.35349743291839,-0.17643460214221723
331,324,22601073,THE GREEN,Opposite no.348 High Street,SUTTON,Sutton North,525730.554,165043.639,51.370542149407854,-0.19512622122543252
332,354,22602311,FIR TREE GROVE,Opposite no.52,CARSHALTON,Carshalton South & Clockhouse,527992.087,163193.747,51.353412269783895,-0.16331996972792395
333,355,22602230,COSDACH AVENUE,Next to no.3,WALLINGTON,Beddington South,529580.403,163481.492,51.35563852197102,-0.14041879295825496
334,356,22602716,VENTNOR ROAD,On bridge,SUTTON,Sutton South,525802.516,163059.661,51.35269580011746,-0.1947941467045357
335,357,22602756,WILLIS AVENUE,JCT of Prior Avenue,SUTTON,Sutton South,527122.328,163526.025,51.35659358497206,-0.1756848517108799
336,358,22602756,WILLIS AVENUE,JCT of Kayemoor Road,SUTTON,Sutton South,527022.71,163618.335,51.357445449199055,-0.1770818215699118
337,359,22602090,BARNARD CLOSE,JCT of Mollison Drive,WALLINGTON,Beddington South,529840.561,163180.102,51.352870606417646,-0.13679457585250257
338,360,22605069,LINDBERGH ROAD,JCT of Vulcan Way,WALLINGTON,Beddington South,530025.646,162988.683,51.351108050969074,-0.13420805658307702
339,361,22605096,MCINTOSH CLOSE,JCT of Redford Avenue,WALLINGTON,Beddington South,530250.16,163418.335,51.354917917059055,-0.13082873997372146
340,362,22604763,BRACKELY CLOSE,JCT of Mollison Drive,WALLINGTON,Beddington South,530377.934,163481.857,51.35545950074126,-0.12897154816378045
341,363,22604762,BRABAZON AVENUE,JCT of Mollison Drive,WALLINGTON,Beddington South,530192.225,163165.612,51.352659986714414,-0.13175267383823225
342,364,22605759,LANCASTRIAN ROAD,JCT of Ensign Way,WALLINGTON,Beddington South,530386.941,163182.269,51.352765071029864,-0.12895196423846478
343,365,22602283,EFFINGHAM CLOSE,Outside no.71,SUTTON,Sutton South,525919.471,163289.955,51.35473961792966,-0.19303408913204254
344,366,22602760,WINDBOROUGH ROAD,Outside no.14,CARSHALTON,Carshalton South & Clockhouse,528205.755,163290.902,51.35423727649675,-0.16021827295267996
345,367,22602760,WINDBOROUGH ROAD,JCT of Brambledown Road,CARSHALTON,Carshalton South & Clockhouse,528236.728,163066.587,51.352214362866576,-0.15985449189444684
346,368,22602291,EVELYN WAY,Outside no.28,WALLINGTON,Beddington North,529702.036,164961.743,51.36891369776747,-0.13813356415553213
347,369,22602085,BANDON RISE,Outside no.35,WALLINGTON,Wallington South,529691.436,164045.279,51.36067992552101,-0.13861973120537355
348,370,22602323,FRYSTON AVENUE,Outside Hillcrest Hall,COULSDON,Carshalton South & Clockhouse,528685.382,160146.916,51.325873815468086,-0.15446943729186424
349,371,22602781,WOODSTOCK AVENUE,Outside no.34,CARSHALTON,Carshalton Central,528398.912,164003.69,51.360599543234216,-0.15718884196983932
350,372,22602392,HILLCROOME ROAD,Next to no.28,SUTTON,Sutton South,526615.449,163824.643,51.359390405955324,-0.18285433892015573
351,373,22602275,DOWNSIDE ROAD,Outside no.34,SUTTON,Sutton South,527099.625,163710.281,51.358254591539755,-0.17594495094884166
352,374,22605448,GAYNESFORD ROAD,JCT of Courtney Crescent,CARSHALTON,Carshalton South & Clockhouse,527693.114,163125.8,51.35286883507323,-0.16763542638862855
353,375,22602254,DALMENY ROAD,JCT of Brambledown Road,CARSHALTON,Wallington South,528350.804,163083.572,51.35234127337901,-0.15821111327412213
354,376,22602354,GROSVENOR AVENUE,JCT of Park Lane,CARSHALTON,Carshalton South & Clockhouse,528505.38,163944.883,51.360046988771984,-0.1556817293361693
355,377,22600705,LARK WAY,JCT of Thornton Road,CARSHALTON,Wandle Valley,527297.549,166590.285,51.38409315580165,-0.17207335523038306
356,378,22602544,PINE WALK,JCT of Fairway,CARSHALTON,Carshalton South & Clockhouse,526613.078,161985.494,51.34286219024429,-0.18354216609597385
357,379,22600387,CALTHORPE GARDENS,Outside no.3,SUTTON,Sutton North,526013.307,165404.086,51.373718927700644,-0.19093867876144485
358,380,22601104,VERMONT ROAD,Outside Dorothy Pettingell House,SUTTON,Sutton North,525736.8,165322.335,51.37304546317621,-0.19493803546556007
359,383,22605531,STAFFORD ROAD,Outside St Elpheges Church,WALLINGTON,Wallington South,529487.615,163877.329,51.35921702658025,-0.14160664069735684
360,381,22605550,WOODCOTE ROAD,Outside Boots (no.43),WALLINGTON,Wallington South,528938.292,163830.075,51.35891719695926,-0.1495089801058835
361,382,22605550,WOODCOTE ROAD,Outside W H Smith (no.92),WALLINGTON,Wallington South,528931.334,163779.433,51.358463655746064,-0.14962719808332337
362,384,22602223,CONSTANCE ROAD,JCT of Oliver Road,SUTTON,Sutton Central,526538.353,164598.425,51.366361667814516,-0.18368594300092916
363,385,22600663,IVYDALE ROAD,JCT of Hackbridge Park Gardens,CARSHALTON,The Wrythe,527977.259,165783.396,51.376688904333676,-0.16260153745837527
364,386,22600274,ARLINGTON DRIVE,JCT of Culvers Avenue,CARSHALTON,The Wrythe,527733.236,165934.942,51.37810576349149,-0.1660512872680003
365,387,22602700,THROWLEY WAY,JCT of Throwley Road,SUTTON,Sutton Central,526018.653,164122.153,51.362196776265435,-0.19131592160144853
366,388,22605530,ST PHILIPS AVENUE,JCT of Central Road,WORCESTER PARK,Worcester Park,522673.53,165727.767,51.37735875700267,-0.2387849787439839
367,389,22601253,BALMORAL ROAD,Opposite No.16,WORCESTER PARK,Nonsuch,522582.088,165521.623,51.37552579101448,-0.24016921296234148
368,390,22601451,DONNINGTON ROAD,JCT of Lynwood Drive,WORCESTER PARK,Nonsuch,522280.369,165694.687,51.3771461984499,-0.2444424860157713
369,391,22602867,BRIDGEWOOD ROAD,JCT of Sandringham Road,WORCESTER PARK,Nonsuch,522451.892,165348.589,51.37399873254074,-0.2420984334903706
370,392,22602867,BRIDGEWOOD ROAD,"On island, opposite no.100",WORCESTER PARK,Nonsuch,522438.426,165026.073,51.3711030453154,-0.24240280665117314
371,393,22602867,BRIDGEWOOD ROAD,JCT of Sparrow Farm Road,WORCESTER PARK,Nonsuch,522409.015,164617.467,51.36743706129574,-0.2429656906811972
372,394,22603337,ST CLAIR DRIVE,JCT of Sparrow Farm Road,WORCESTER PARK,Nonsuch,522712.953,164596.232,51.36718067820338,-0.23860915231908766
373,395,22603337,ST CLAIR DRIVE,JCT of Latimer Close,WORCESTER PARK,Nonsuch,522732.913,164832.81,51.36930259298112,-0.23824097223948815
374,397,22602184,CAVENDISH ROAD,Outside Hampton Lodge,SUTTON,Sutton South,526217.062,163504.774,51.35660426282213,-0.18868650773730278
375,398,22603337,ST CLAIR DRIVE,JCT of Sandringham Drive,WORCESTER PARK,Nonsuch,522639.544,165172.672,51.37237722808368,-0.23946443901830938
376,399,22602687,THE RIDGWAY,JCT of Hillcroombe Drive,SUTTON,Sutton South,526796.908,163867.429,51.35973449098547,-0.18023429939236163
377,404,22601316,BUCKLAND WAY,On grass verge outside No.196,WORCESTER PARK,Worcester Park,523024.075,166142.854,51.38101351005883,-0.23360726791539532
378,400,22602139,BRIAR LANE,JCT of Pine Ridge,WALLINGTON,Wallington South,528271.963,162623.476,51.34822415521399,-0.159508363581848
379,401,22602720,VICTORIA ROAD,JCT of Carshalton Road,SUTTON,Sutton Central,526541.934,164200.655,51.36278605151746,-0.18377596225402656
380,402,22600569,GARENDON ROAD,JCT of Hunston Road,MORDEN,St Helier,525774.334,166469.427,51.383346282132585,-0.19399337631429792
381,403,22602713,UPTON DENE,At rear near garages,SUTTON,Sutton South,525552.82,163204.599,51.35405357355964,-0.19832688533654091
382,405,22605182,QUEENSWOOD AVENUE,JCT of Queen Elisabeth's Walk,WALLINGTON,Beddington North,529818.095,164626.634,51.3658756068614,-0.13658951899583155
383,406,22602650,SUTTON GROVE,JCT of Carshalton Road,SUTTON,Carshalton Central,526787.593,164181.576,51.362559851221576,-0.18025612155742504
384,407,22602650,SUTTON GROVE,JCT of Westmead Road,CARSHALTON,Carshalton Central,526752.905,164564.957,51.3660130837482,-0.1806175532280229
385,408,22602475,MILL LANE,Opposite no.51,CARSHALTON,Carshalton Central,528126.786,165011.536,51.36971848400237,-0.16073234882171458
386,409,22602388,HIGHFIELD ROAD,Opposite no.21,SUTTON,Carshalton Central,527198.933,164429.522,51.36469628141731,-0.17426243175291709
387,410,22602176,CARSHALTON GROVE,JCT of Westmead Road,SUTTON,Carshalton Central,526852.073,164583.63,51.36615877837743,-0.17918715992856085
388,411,22602176,CARSHALTON GROVE,JCT of Carshalton Road,SUTTON,Carshalton Central,526874.122,164206.423,51.36276384998125,-0.17900507706199661
389,412,22602219,COLSTON AVENUE,Opposite no.63,CARSHALTON,Carshalton Central,527619.143,164878.866,51.36864038470588,-0.16806861041459903
390,413,22602219,COLSTON AVENUE,Opposite no.10,CARSHALTON,Carshalton Central,527401.103,164711.055,51.36718116887658,-0.1712592189852456
391,414,22602149,BROWNING AVENUE,JCT of Westmead Road,SUTTON,Carshalton Central,527162.891,164586.293,51.36611326261136,-0.17472384594943413
392,415,22602146,BROOKFIELD AVENUE,JCT of Milton Avenue,SUTTON,Carshalton Central,526983.595,164930.432,51.369246161283236,-0.17717515613692442
393,416,22602477,MILTON AVENUE,JCT of Shirley Avenue,SUTTON,Carshalton Central,527025.139,164832.342,51.368355332454435,-0.17661369411134822
394,417,22602087,BANSTEAD ROAD,JCT of Hill Road,CARSHALTON,Carshalton Central,527337.883,163740.758,51.358475182109565,-0.17251401299999902
395,418,22605657,WESTCROFT ROAD,O/S Westcroft Leisure Centre,CARSHALTON,Wallington North,528282.892,164803.009,51.36780923457311,-0.15856619087317395
396,419,22605447,COURTNEY CRESCENT,JCT of Dingwall Road,CARSHALTON,Carshalton South & Clockhouse,527767.554,162843.354,51.35031374914159,-0.16666834254755675
397,420,22602279,EAST DRIVE,JCT of South Rise,CARSHALTON,Carshalton South & Clockhouse,527383.809,162824.673,51.350231939418016,-0.17218247253561758
398,421,22602547,PRINCES AVENUE,JCT of East Drive,CARSHALTON,Carshalton South & Clockhouse,527566.865,162829.711,51.350236187321656,-0.1695534829235537
399,422,22600738,LONDON ROAD,Outside The Grange Childrens Centre,WALLINGTON,Wallington North,528839.018,165126.262,51.370588514601664,-0.1504647455326041
400,423,22600738,LONDON ROAD,Outside The Grange Childrens Centre,WALLINGTON,Wallington North,528844.322,165131.389,51.37063338839176,-0.15038673381792267
401,424,2262316,FOUNTAIN DRIVE,JCT of roundabout,CARSHALTON,Carshalton South & Clockhouse,527719.848,162726.111,51.3492707905943,-0.16739504981772974
402,425,22603360,STONELEIGH AVENUE,JCT of roundabout,WORCESTER PARK,Nonsuch,522310.098,165455.181,51.3749872568125,-0.2440979172223934
403,426,22604707,APELDOORN DRIVE,JCT of Foresters Drive,WALLINGTON,Beddington South,530011.619,162709.972,51.348606502811734,-0.13451110083605053
404,427,22602732,WARWICK ROAD,Jct Greyhound Road,SUTTON,Sutton Central,526212.513,164315.029,51.36388718185738,-0.18846453067924024
405,428,22603094,HILLSIDE ROAD,JCT A217,SUTTON,Belmont,524680.787,163242.753,51.354588336193665,-0.2108300864922861
406,429,22603415,UPPER MULGRAVE ROAD,JCT Manor Road,SUTTON,Cheam,524598.512,163314.236,51.3552488087998,-0.2119860088823186
407,430,22602639,STAPLEHURST ROAD,O/s number 10,CARSHALTON,Carshalton South & Clockhouse,527160.096,163215.026,51.35379015383619,-0.17525379555545603
408,431,22602324,FULLERTON ROAD,O/s number 26,CARSHALTON,Carshalton South & Clockhouse,527189.223,162846.259,51.35046948441146,-0.17496743285442354
409,432,22602016,WINDSOR ROAD,JCT Hampton Road,CHEAM,Nonsuch,522455.371,165734.641,51.37746759411415,-0.24191556112788515
410,433,22605675,WORDSWORTH ROAD,Opposite Number 34,WALLINGTON,Wallington South,529531.093,163572.865,51.35647092122115,-0.14109331218168836
411,434,22600286,AULTONE WAY,JCT Grennell Road,CARSHALTON,The Wrythe,526406.1,165815.427,51.377328471054824,-0.18515226093082984
412,435,22602223,CONSTANCE ROAD,Opposite Number 18,SUTTON,Sutton Central,526507.99,164583.135,51.36623101269216,-0.1841272991258895
413,436,22602569,RINGSTEAD ROAD,JCT Westmead Road,CARSHALTON,Carshalton Central,526944.763,164589.478,51.36619064239836,-0.17785433699768083
414,437,22602444,LONGLANDS AVENUE,Outside Number 42,CARSHALTON,Carshalton South & Clockhouse,528476.417,160262.012,51.3269553940433,-0.15742539384586055
415,438,22602681,THE MOUNT,The JCT Lloyd Avenue,CARSHALTON,Carshalton South & Clockhouse,528554.49,160073.686,51.325245267379884,-0.1563733573837915
417,440,22601354,CENTRAL ROAD,JCT Ruskin Drive,WORCESTER PARK,Nonsuch,522880.984,165570.078,51.375896718542684,-0.2358602528808524
418,441,22605690,HIGH STREET,JCT Carshalton Place,CARSHALTON,Carshalton Central,528193.094,164538.522,51.36545254228936,-0.15995072113406114
421,444,22603130,KINGSWAY ROAD,Outside NCP Car Park,CHEAM,Cheam,524194.011,163461.199,51.356658101579356,-0.21774085539255017
422,445,22602057,ALBERT ROAD,JCT of Gauntlett Road,SUTTON,Sutton Central,526674.831,164083.241,51.36170123749394,-0.18190990128943632
423,446,22602057,ALBERT ROAD,By Track,SUTTON,Sutton Central,526669.322,164050.555,51.361408711070474,-0.18200061724761504
424,447,22602429,LESLIE GARDENS,Opposite Number 5,SUTTON,Sutton South,525454.114,163494.153,51.35667765015533,-0.19964162164399585
425,448,22601716,MENDIP CLOSE,JCT Cotswold Way,WORCESTER PARK,Worcester Park,523353.167,165945.5,51.37916846362305,-0.22894934195946298
426,449,22605619,OAKS WAY,Corner of Fir Tree Grove,CARSHALTON,Carshalton South & Clockhouse,527980.59,163149.29,51.35301531922638,-0.1635009598887009
427,450,22602637,STANLEY SQUARE,Opposite Number 59,CARSHALTON,Carshalton South & Clockhouse,527891.722,162808.64,51.34997386389102,-0.1648987727510377
428,451,22602637,STANLEY SQAURE,Opposite Number 19,CARSHALTON,Carshalton South & Clockhouse,527977.895,162804.689,51.349918972160836,-0.16366346485855454
429,452,22605031,STAFFORD ROAD,WALLINGTON PUBLIC HALL CAR PARK,WALLINGTON,Wallington South,528991.871,163544.004,51.35633412771936,-0.14884353290774516
430,453,22605730,SPITFIRE ROAD,Opposite shop on roundabout,WALLINGTON,Beddington South,530549.702,163280.861,51.353613764855574,-0.12657983418149457
431,454,22605734,HURRICANE ROAD,JCT Redwing Close beside number 59,WALLINGTON,Beddington South,530583.639,163513.015,51.35569231185704,-0.12600761851843667
432,455,22605734,HURRICANE ROAD,JCT Redwing Close beside number 2,WALLINGTON,Beddington South,530442.806,163403.3,51.354738640303225,-0.12806921117353018
433,456,22602134,BRAMLEY ROAD,Outside Church Hall,SUTTON,Sutton Central,526624.956,164249.375,51.36320541929704,-0.18256677923359663
434,457,22601324,BURNHAM DRIVE,JCT Colborne Way and Gareth Close,WORCESTER PARK,Worcester Park,523511.427,165800.843,51.37783400058872,-0.2267267631447403
435,458,22603360,STONELEIGH AVENUE,JCT Sandringham Road,WORCESTER PARK,Nonsuch,522350.653,165456.362,51.37498914057994,-0.2435151359613615
436,459,22603360,STONELEIGH AVENUE,Opposite number 113 on roundabout,WORCESTER PARK,Nonsuch,522335.322,165048.654,51.37132819327682,-0.24387550323404567
437,460,22602177,CARSHALTON PARK ROAD,Outside of Graveyard Entrance,CARSHALTON,Carshalton Central,527867.151,164323.44,51.36359300130369,-0.16470740374178394
438,461,22602427,LEECHCROFT ROAD,Jct Elm Grove Parade,BEDDINGTON,Wallington North,528342.182,165121.471,51.37065787220251,-0.1576000766659084
439,462,22601028,ST MARY AVENUE,Jct with Curran Avenue,WALLINGTON,Wallington North,528461.445,165209.133,51.371418745860176,-0.1558560343069968
440,463,22602072,ARRAN CLOSE,by garages,WALLINGTON,Wallington North,529072.662,164595.258,51.36576338731275,-0.14730270841761786
441,464,22604707,APELDOORN DRIVE,Jct Harmony Close,WALLINGTON,Beddington South,530101.799,162799.435,51.34938987890194,-0.13318425124773864
442,465,22604707,APELDOORN DRIVE,Jct Plesman Way,WALLINGTON,Beddington South,530225.323,162918.847,51.35043475447897,-0.131367870785306
443,466,22604707,APELDOORN DRIVE,O/s 64-78,WALLINGTON,Beddington South,530281.731,162854.35,51.34984220731994,-0.1305819193822863
444,467,22604707,APELDOORN DRIVE,Jct Mariette Way,WALLINGTON,Beddington South,530284.049,162940.733,51.35061799212079,-0.13051705568173833
445,468,22605267,SUNKIST WAY,Opposite number 6,WALLINGTON,Beddington South,530077.546,162884.152,51.350156771165324,-0.1335013742958831
446,469,22602394,HILLSIDE GARDENS,Jct Marchmont Road,WALLINGTON,Wallington South,529243.811,163182.73,51.35303015922881,-0.14535843073029386
447,470,22605479,GREEN LANE,Primary School o/s nursery entrance,WORCESTER PARK,Worcester Park,522733.584,166755.75,51.38658467191802,-0.2375676954551698
448,471,22605479,GREEN LANE,Primary School o/s main entrance,WORCESTER PARK,Worcester Park,522817.794,166796.733,51.38693479986984,-0.2363439670669188
449,472,22601616,KINGSMEAD AVENUE,Jct Ennor Court,WORCESTER PARK,Nonsuch,523282.377,164810.648,51.368984499227494,-0.2303593041562122
450,473,22603410,TUDOR AVENUE,Jct Killester Gardens,WORCESTER PARK,Nonsuch,523050.549,164664.404,51.36772038410588,-0.23373850394160378
451,474,22603233,OAKS AVENUE,O/s number 47,WORCESTER PARK,Nonsuch,523018.785,164867.312,51.36955087349649,-0.2341244119320087
452,475,22602513,ONSLOW GARDENS,Jct Cranley Gardens,WALLINGTON,Wallington South,529109.581,163441.405,51.35538535760377,-0.14719118035916662
453,476,22602241,CRICHTON AVENUE,Jct Sussex Road,WALLINGTON,Beddington North,527575.141,163514.115,51.35638513583783,-0.16918953059824404
